grade,outcome,loans,dollars_lent,principal_lost,recoveries
A,Charged off,6052,85613975.0,58541796.7,4510596.69
A,Late,2260,36761325.0,0.0,0.0
A,Paid off,82613,1133038775.0,0.0,0.0
A,Still paying,193895,2987542325.0,0.0,0.0
B,Charged off,23512,320190350.0,228827141.84,19742806.07
B,Late,7182,114142125.0,0.0,0.0
B,Paid off,127725,1668741250.0,0.0,0.0
B,Still paying,250585,3828905275.0,0.0,0.0
C,Charged off,39785,600627750.0,461054123.15,42016857.65
C,Late,11128,188316650.0,0.0,0.0
C,Paid off,116675,1661004625.0,0.0,0.0
C,Still paying,236584,3768685350.0,0.0,0.0
D,Charged off,25625,418009675.0,336285028.85,30361809.92
D,Late,6883,118571450.0,0.0,0.0
D,Paid off,49339,757032500.0,0.0,0.0
D,Still paying,103023,1646283200.0,0.0,0.0
E,Charged off,13301,238637025.0,201910976.18,19340072.4
E,Late,2780,49535500.0,0.0,0.0
E,Paid off,18484,312578875.0,0.0,0.0
E,Still paying,30367,493965875.0,0.0,0.0
F,Charged off,5734,112161025.0,98501789.29,9750762.91
F,Late,828,17150375.0,0.0,0.0
F,Paid off,5632,105805175.0,0.0,0.0
F,Still paying,6557,123165275.0,0.0,0.0
G,Charged off,2286,46343450.0,41883986.81,4146301.75
G,Late,330,7091325.0,0.0,0.0
G,Paid off,1981,40156550.0,0.0,0.0
G,Still paying,2082,41704875.0,0.0,0.0
