grade,sub_grade,loans,dollars_lent,avg_int_rate_pct,lifetime_principal_loss_pct,lifetime_net_return_pct,pct_not_yet_resolved
A,A1,20089,290265825.0,5.676,1.258,6.42,0.005
A,A2,19304,274806000.0,6.412,1.932,6.765,0.016
A,A3,19886,292195050.0,7.107,2.184,7.517,0.005
A,A4,27793,410345075.0,7.481,2.856,7.409,0.014
A,A5,35450,514898725.0,8.243,3.614,7.749,0.014
B,B1,34543,445897100.0,8.878,4.235,7.976,0.012
B,B2,37645,490702000.0,9.963,4.951,8.716,0.045
B,B3,39196,501714350.0,10.834,5.87,8.978,0.02
B,B4,38477,474418850.0,11.76,6.468,9.526,0.039
B,B5,35695,431964675.0,12.234,7.948,8.649,0.039
C,C1,35562,424923075.0,12.879,8.91,8.552,0.025
C,C2,32499,381303575.0,13.333,9.757,8.263,0.018
C,C3,29726,361895125.0,13.986,10.631,8.306,0.027
C,C4,25768,315811775.0,14.565,11.711,7.88,0.016
C,C5,22637,268513175.0,15.234,12.29,8.046,0.031
D,D1,18923,220112175.0,16.076,13.948,7.513,0.058
D,D2,15585,180441725.0,16.902,15.389,7.037,0.013
D,D3,13619,161231475.0,17.403,15.073,7.981,0.044
D,D4,10931,127446450.0,17.986,17.053,6.492,0.064
D,D5,8697,103149500.0,18.446,17.63,6.511,0.034
E,E1,6187,75572200.0,18.847,18.891,5.612,0.032
E,E2,5091,60336425.0,19.486,20.737,4.366,0.039
E,E3,3703,43485450.0,20.064,20.564,5.366,0.054
E,E4,2613,28762325.0,20.983,21.458,5.309,0.038
E,E5,2153,21585950.0,21.969,23.425,4.789,0.0
F,F1,1459,12172650.0,22.97,23.548,6.009,0.0
F,F2,835,8566225.0,23.757,24.397,6.189,0.0
F,F3,877,8241375.0,24.377,25.259,6.375,0.0
F,F4,480,4978450.0,24.963,29.261,1.491,0.417
F,F5,300,3533800.0,25.595,32.7,-1.707,0.0
G,G1,192,2052950.0,26.033,29.521,0.852,0.521
G,G2,137,1660625.0,26.305,30.699,1.773,1.46
G,G3,68,907525.0,26.407,31.937,1.131,0.0
G,G4,36,572700.0,26.695,26.947,6.158,0.0
G,G5,9,127350.0,26.754,40.604,-8.511,0.0
